X_hex,SgnX,ExpX,ManX,XNaN,XSNaN,XZero,XInf,XExpMax,XSubnorm
0x0000,0,0,0,0,0,1,0,0,0
0x8000,1,0,0,0,0,1,0,0,0
0x0001,0,0,1,0,0,0,0,0,1
0x0400,0,1,1024,0,0,0,0,0,0
0x03FF,0,0,1023,0,0,0,0,0,1
0x83FF,1,0,1023,0,0,0,0,0,1
0x8400,1,1,1024,0,0,0,0,0,0
0x3C00,0,15,1024,0,0,0,0,0,0
0xBC00,1,15,1024,0,0,0,0,0,0
0x7BFF,0,30,2047,0,0,0,0,0,0
0xFBFF,1,30,2047,0,0,0,0,0,0
0x7C00,0,31,1024,0,0,0,1,1,0
0xFC00,1,31,1024,0,0,0,1,1,0
0x7E00,0,31,1536,1,1,0,0,1,0
0xFE00,1,31,1536,1,1,0,0,1,0
0x7D00,0,31,1280,1,0,0,0,1,0
0xFD00,1,31,1280,1,0,0,0,1,0
0xD54F,1,21,1359,0,0,0,0,0,0
0x0534,0,1,1332,0,0,0,0,0,0
0x98E7,1,6,1255,0,0,0,0,0,0
0xBCA0,1,15,1184,0,0,0,0,0,0
0x6327,0,24,1831,0,0,0,0,0,0
0x8A5D,1,2,1629,0,0,0,0,0,0
0xDF59,1,23,1881,0,0,0,0,0,0
0x52C8,0,20,1736,0,0,0,0,0,0
0xBF02,1,15,1794,0,0,0,0,0,0
0x3F9F,0,15,1951,0,0,0,0,0,0
0xDDA9,1,23,1449,0,0,0,0,0,0
0x85AD,1,1,1453,0,0,0,0,0,0
0x5943,0,22,1347,0,0,0,0,0,0
0x5FA5,0,23,1957,0,0,0,0,0,0
0xB5B5,1,13,1461,0,0,0,0,0,0
0x2EBE,0,11,1726,0,0,0,0,0,0
0xD301,1,20,1793,0,0,0,0,0,0
0x5549,0,21,1353,0,0,0,0,0,0
0x4BD9,0,18,2009,0,0,0,0,0,0
0x6953,0,26,1363,0,0,0,0,0,0
0x27DA,0,9,2010,0,0,0,0,0,0
0x6143,0,24,1347,0,0,0,0,0,0
0xAEE1,1,11,1761,0,0,0,0,0,0
0xA4E2,1,9,1250,0,0,0,0,0,0
0x0C0A,0,3,1034,0,0,0,0,0,0
0xEAEC,1,26,1772,0,0,0,0,0,0
0xADD5,1,11,1493,0,0,0,0,0,0
0x0DC1,0,3,1473,0,0,0,0,0,0
0xD4B9,1,21,1209,0,0,0,0,0,0
0x01C4,0,0,452,0,0,0,0,0,1
0x036A,0,0,874,0,0,0,0,0,1
0x53DE,0,20,2014,0,0,0,0,0,0
0x5B95,0,22,1941,0,0,0,0,0,0
0x92B9,1,4,1721,0,0,0,0,0,0
0x32F1,0,12,1777,0,0,0,0,0,0
0xD43D,1,21,1085,0,0,0,0,0,0
0x3637,0,13,1591,0,0,0,0,0,0
0x5D01,0,23,1281,0,0,0,0,0,0
0xC000,1,16,1024,0,0,0,0,0,0
0x771A,0,29,1818,0,0,0,0,0,0
0xA8E7,1,10,1255,0,0,0,0,0,0
0x149B,0,5,1179,0,0,0,0,0,0
0x76F1,0,29,1777,0,0,0,0,0,0
0x3D56,0,15,1366,0,0,0,0,0,0
0xFF9A,1,31,1946,1,1,0,0,1,0
0x6EC9,0,27,1737,0,0,0,0,0,0
0x5F24,0,23,1828,0,0,0,0,0,0
0x83F5,1,0,1013,0,0,0,0,0,1
0xDE0A,1,23,1546,0,0,0,0,0,0
0x427E,0,16,1662,0,0,0,0,0,0
0x1544,0,5,1348,0,0,0,0,0,0
0x5409,0,21,1033,0,0,0,0,0,0
0x9A47,1,6,1607,0,0,0,0,0,0
0x04CA,0,1,1226,0,0,0,0,0,0
0x4CF0,0,19,1264,0,0,0,0,0,0
0x754E,0,29,1358,0,0,0,0,0,0
0xB30F,1,12,1807,0,0,0,0,0,0
0xAF16,1,11,1814,0,0,0,0,0,0
0x505F,0,20,1119,0,0,0,0,0,0
0xC5A3,1,17,1443,0,0,0,0,0,0
0xA5C3,1,9,1475,0,0,0,0,0,0
0x0693,0,1,1683,0,0,0,0,0,0
0x1940,0,6,1344,0,0,0,0,0,0
0x1F2C,0,7,1836,0,0,0,0,0,0
0xE3E5,1,24,2021,0,0,0,0,0,0
0x2839,0,10,1081,0,0,0,0,0,0
0xC6B5,1,17,1717,0,0,0,0,0,0
0x5BE5,0,22,2021,0,0,0,0,0,0
0x05FE,0,1,1534,0,0,0,0,0,0
0xBC4A,1,15,1098,0,0,0,0,0,0
0x6E42,0,27,1602,0,0,0,0,0,0
0x3E35,0,15,1589,0,0,0,0,0,0
0xF628,1,29,1576,0,0,0,0,0,0
0x1F80,0,7,1920,0,0,0,0,0,0
0x0713,0,1,1811,0,0,0,0,0,0
0xFBCC,1,30,1996,0,0,0,0,0,0
0xA6CA,1,9,1738,0,0,0,0,0,0
0xD776,1,21,1910,0,0,0,0,0,0
0x6737,0,25,1847,0,0,0,0,0,0
0xBA83,1,14,1667,0,0,0,0,0,0
0x3D1F,0,15,1311,0,0,0,0,0,0
0x4CA0,0,19,1184,0,0,0,0,0,0
0x28FB,0,10,1275,0,0,0,0,0,0
0xFD62,1,31,1378,1,0,0,0,1,0
0x5474,0,21,1140,0,0,0,0,0,0
0xABCD,1,10,1997,0,0,0,0,0,0
0x7616,0,29,1558,0,0,0,0,0,0
0x6810,0,26,1040,0,0,0,0,0,0
0x53BB,0,20,1979,0,0,0,0,0,0
0x5354,0,20,1876,0,0,0,0,0,0
0x939B,1,4,1947,0,0,0,0,0,0
0x4CDF,0,19,1247,0,0,0,0,0,0
0x2E62,0,11,1634,0,0,0,0,0,0
0x01B4,0,0,436,0,0,0,0,0,1
0x4B07,0,18,1799,0,0,0,0,0,0
0x01A1,0,0,417,0,0,0,0,0,1
0xFDFC,1,31,1532,1,0,0,0,1,0
0x5EA5,0,23,1701,0,0,0,0,0,0
0x3116,0,12,1302,0,0,0,0,0,0
0x874F,1,1,1871,0,0,0,0,0,0
0xCFF1,1,19,2033,0,0,0,0,0,0
0x21DA,0,8,1498,0,0,0,0,0,0
0xEBF6,1,26,2038,0,0,0,0,0,0
0xD55C,1,21,1372,0,0,0,0,0,0
0x5D26,0,23,1318,0,0,0,0,0,0
0x7C8D,0,31,1165,1,0,0,0,1,0
0x5E5F,0,23,1631,0,0,0,0,0,0
0x0DF7,0,3,1527,0,0,0,0,0,0
0xBEEE,1,15,1774,0,0,0,0,0,0
0xA932,1,10,1330,0,0,0,0,0,0
0x5A17,0,22,1559,0,0,0,0,0,0
0xCA1F,1,18,1567,0,0,0,0,0,0
0x5B0F,0,22,1807,0,0,0,0,0,0
0x5B20,0,22,1824,0,0,0,0,0,0
0x7F75,0,31,1909,1,1,0,0,1,0
0xD395,1,20,1941,0,0,0,0,0,0
0xD5C6,1,21,1478,0,0,0,0,0,0
0xA661,1,9,1633,0,0,0,0,0,0
0x3D83,0,15,1411,0,0,0,0,0,0
0x22AA,0,8,1706,0,0,0,0,0,0
0xEBC7,1,26,1991,0,0,0,0,0,0
0x63DF,0,24,2015,0,0,0,0,0,0
0x675E,0,25,1886,0,0,0,0,0,0
0x4522,0,17,1314,0,0,0,0,0,0
0x776B,0,29,1899,0,0,0,0,0,0
0xA91B,1,10,1307,0,0,0,0,0,0
0x95A9,1,5,1449,0,0,0,0,0,0
0x402F,0,16,1071,0,0,0,0,0,0
0x1E4F,0,7,1615,0,0,0,0,0,0
0x8516,1,1,1302,0,0,0,0,0,0
0xDA8F,1,22,1679,0,0,0,0,0,0
0x168C,0,5,1676,0,0,0,0,0,0
0xBA59,1,14,1625,0,0,0,0,0,0
0x3712,0,13,1810,0,0,0,0,0,0
0x22CA,0,8,1738,0,0,0,0,0,0
0x4FF5,0,19,2037,0,0,0,0,0,0
0xBE10,1,15,1552,0,0,0,0,0,0
0x1216,0,4,1558,0,0,0,0,0,0
0x8CC3,1,3,1219,0,0,0,0,0,0
0xE35F,1,24,1887,0,0,0,0,0,0
0xBCC4,1,15,1220,0,0,0,0,0,0
0xCDB7,1,19,1463,0,0,0,0,0,0
0x9D50,1,7,1360,0,0,0,0,0,0
0xE5F9,1,25,1529,0,0,0,0,0,0
0x8757,1,1,1879,0,0,0,0,0,0
0x9FAA,1,7,1962,0,0,0,0,0,0
0xFC29,1,31,1065,1,0,0,0,1,0
0xF5F7,1,29,1527,0,0,0,0,0,0
0x19C9,0,6,1481,0,0,0,0,0,0
0x87BF,1,1,1983,0,0,0,0,0,0
0xE420,1,25,1056,0,0,0,0,0,0
0x0F07,0,3,1799,0,0,0,0,0,0
0x7074,0,28,1140,0,0,0,0,0,0
0xB0AD,1,12,1197,0,0,0,0,0,0
0x45AA,0,17,1450,0,0,0,0,0,0
0x010A,0,0,266,0,0,0,0,0,1
0x2A91,0,10,1681,0,0,0,0,0,0
0x0FAB,0,3,1963,0,0,0,0,0,0
0x38DC,0,14,1244,0,0,0,0,0,0
0x603B,0,24,1083,0,0,0,0,0,0
0xCB3C,1,18,1852,0,0,0,0,0,0
0xFB26,1,30,1830,0,0,0,0,0,0
0x5D19,0,23,1305,0,0,0,0,0,0
0x8B95,1,2,1941,0,0,0,0,0,0
0xB2C1,1,12,1729,0,0,0,0,0,0
0x6AC7,0,26,1735,0,0,0,0,0,0
0x99AD,1,6,1453,0,0,0,0,0,0
0xA16F,1,8,1391,0,0,0,0,0,0
0xC6CC,1,17,1740,0,0,0,0,0,0
0x26A5,0,9,1701,0,0,0,0,0,0
0x9A08,1,6,1544,0,0,0,0,0,0
0xBC9F,1,15,1183,0,0,0,0,0,0
0x14B6,0,5,1206,0,0,0,0,0,0
0xD6A8,1,21,1704,0,0,0,0,0,0
0x6123,0,24,1315,0,0,0,0,0,0
0x5230,0,20,1584,0,0,0,0,0,0
0x29E9,0,10,1513,0,0,0,0,0,0
0x4922,0,18,1314,0,0,0,0,0,0
0x9CEF,1,7,1263,0,0,0,0,0,0
0x76E8,0,29,1768,0,0,0,0,0,0
0xAA69,1,10,1641,0,0,0,0,0,0
0xD93C,1,22,1340,0,0,0,0,0,0
0x66DD,0,25,1757,0,0,0,0,0,0
0x0718,0,1,1816,0,0,0,0,0,0
0x4CBF,0,19,1215,0,0,0,0,0,0
0x3A32,0,14,1586,0,0,0,0,0,0
0x1024,0,4,1060,0,0,0,0,0,0
0xAE9B,1,11,1691,0,0,0,0,0,0
0xC8C6,1,18,1222,0,0,0,0,0,0
0xA381,1,8,1921,0,0,0,0,0,0
0x14E5,0,5,1253,0,0,0,0,0,0
0x7B93,0,30,1939,0,0,0,0,0,0
0x3300,0,12,1792,0,0,0,0,0,0
0xF822,1,30,1058,0,0,0,0,0,0
0x4C0A,0,19,1034,0,0,0,0,0,0
0x699A,0,26,1434,0,0,0,0,0,0
0x84AF,1,1,1199,0,0,0,0,0,0
0xB7C0,1,13,1984,0,0,0,0,0,0
0x5117,0,20,1303,0,0,0,0,0,0
0x9176,1,4,1398,0,0,0,0,0,0
0x1376,0,4,1910,0,0,0,0,0,0
0x2EFD,0,11,1789,0,0,0,0,0,0
0x301E,0,12,1054,0,0,0,0,0,0
0x6A26,0,26,1574,0,0,0,0,0,0
0xD1FD,1,20,1533,0,0,0,0,0,0
0x07CA,0,1,1994,0,0,0,0,0,0
0x4D9E,0,19,1438,0,0,0,0,0,0
0xA695,1,9,1685,0,0,0,0,0,0
0x53D1,0,20,2001,0,0,0,0,0,0
0xEA3A,1,26,1594,0,0,0,0,0,0
0xD444,1,21,1092,0,0,0,0,0,0
0xE115,1,24,1301,0,0,0,0,0,0
0x0C94,0,3,1172,0,0,0,0,0,0
0xBE56,1,15,1622,0,0,0,0,0,0
0x0E01,0,3,1537,0,0,0,0,0,0
0xC6E0,1,17,1760,0,0,0,0,0,0
0xB501,1,13,1281,0,0,0,0,0,0
0x08B9,0,2,1209,0,0,0,0,0,0
0xA373,1,8,1907,0,0,0,0,0,0
0xF0C3,1,28,1219,0,0,0,0,0,0
0xE012,1,24,1042,0,0,0,0,0,0
0x176B,0,5,1899,0,0,0,0,0,0
0xA355,1,8,1877,0,0,0,0,0,0
0xA05E,1,8,1118,0,0,0,0,0,0
0xC769,1,17,1897,0,0,0,0,0,0
0x98D0,1,6,1232,0,0,0,0,0,0
0x403C,0,16,1084,0,0,0,0,0,0
0xC26A,1,16,1642,0,0,0,0,0,0
0x1D0A,0,7,1290,0,0,0,0,0,0
0x383B,0,14,1083,0,0,0,0,0,0
0xF8EB,1,30,1259,0,0,0,0,0,0
0x3CC5,0,15,1221,0,0,0,0,0,0
0x315C,0,12,1372,0,0,0,0,0,0
0x5925,0,22,1317,0,0,0,0,0,0
0x1107,0,4,1287,0,0,0,0,0,0
0x1A38,0,6,1592,0,0,0,0,0,0
0x9E21,1,7,1569,0,0,0,0,0,0
0x6ED7,0,27,1751,0,0,0,0,0,0
0x3162,0,12,1378,0,0,0,0,0,0
0xEBBF,1,26,1983,0,0,0,0,0,0
0xFF9F,1,31,1951,1,1,0,0,1,0
0xF02D,1,28,1069,0,0,0,0,0,0
0x1E26,0,7,1574,0,0,0,0,0,0
0xD8C2,1,22,1218,0,0,0,0,0,0
0x70AA,0,28,1194,0,0,0,0,0,0
0x71B9,0,28,1465,0,0,0,0,0,0
0xA8B7,1,10,1207,0,0,0,0,0,0
0x5302,0,20,1794,0,0,0,0,0,0
0xC432,1,17,1074,0,0,0,0,0,0
0x7BBE,0,30,1982,0,0,0,0,0,0
0xF171,1,28,1393,0,0,0,0,0,0
0x5C5F,0,23,1119,0,0,0,0,0,0
0x6ABC,0,26,1724,0,0,0,0,0,0
0x6D81,0,27,1409,0,0,0,0,0,0
0x519B,0,20,1435,0,0,0,0,0,0
0xE930,1,26,1328,0,0,0,0,0,0
0x0766,0,1,1894,0,0,0,0,0,0
0x63CC,0,24,1996,0,0,0,0,0,0
0x257C,0,9,1404,0,0,0,0,0,0
0x23B6,0,8,1974,0,0,0,0,0,0
0x3E9F,0,15,1695,0,0,0,0,0,0
0x305D,0,12,1117,0,0,0,0,0,0
0x87CF,1,1,1999,0,0,0,0,0,0
0x78AF,0,30,1199,0,0,0,0,0,0
0x6D5B,0,27,1371,0,0,0,0,0,0
0x8E24,1,3,1572,0,0,0,0,0,0
0x735D,0,28,1885,0,0,0,0,0,0
0xFECE,1,31,1742,1,1,0,0,1,0
0xBD80,1,15,1408,0,0,0,0,0,0
0xE4BA,1,25,1210,0,0,0,0,0,0
0xCE9D,1,19,1693,0,0,0,0,0,0
0x7F8E,0,31,1934,1,1,0,0,1,0
0xE6B5,1,25,1717,0,0,0,0,0,0
0x3786,0,13,1926,0,0,0,0,0,0
0x0F6C,0,3,1900,0,0,0,0,0,0
0xBC67,1,15,1127,0,0,0,0,0,0
0x7A48,0,30,1608,0,0,0,0,0,0
0xCCA5,1,19,1189,0,0,0,0,0,0
0xFC86,1,31,1158,1,0,0,0,1,0
0x2A32,0,10,1586,0,0,0,0,0,0
0xD7D0,1,21,2000,0,0,0,0,0,0
0xEE5D,1,27,1629,0,0,0,0,0,0
0x38D8,0,14,1240,0,0,0,0,0,0
0xA7CF,1,9,1999,0,0,0,0,0,0
0x7F99,0,31,1945,1,1,0,0,1,0
0xE370,1,24,1904,0,0,0,0,0,0
0x9B81,1,6,1921,0,0,0,0,0,0
0xD969,1,22,1385,0,0,0,0,0,0
0x3FCC,0,15,1996,0,0,0,0,0,0
0x57A8,0,21,1960,0,0,0,0,0,0
0x6F99,0,27,1945,0,0,0,0,0,0
0xC50A,1,17,1290,0,0,0,0,0,0
0x8642,1,1,1602,0,0,0,0,0,0
0x5A1D,0,22,1565,0,0,0,0,0,0
0x02DD,0,0,733,0,0,0,0,0,1
0x8D74,1,3,1396,0,0,0,0,0,0
0x0C29,0,3,1065,0,0,0,0,0,0
0xF568,1,29,1384,0,0,0,0,0,0
0xAA23,1,10,1571,0,0,0,0,0,0
0x673A,0,25,1850,0,0,0,0,0,0
0x9ABB,1,6,1723,0,0,0,0,0,0
0x0E66,0,3,1638,0,0,0,0,0,0
0xCB9F,1,18,1951,0,0,0,0,0,0
0xBBEA,1,14,2026,0,0,0,0,0,0
0x6E44,0,27,1604,0,0,0,0,0,0
0x8038,1,0,56,0,0,0,0,0,1
0x75FD,0,29,1533,0,0,0,0,0,0
0x2F3F,0,11,1855,0,0,0,0,0,0
0x6876,0,26,1142,0,0,0,0,0,0
0x80A6,1,0,166,0,0,0,0,0,1
0x02FE,0,0,766,0,0,0,0,0,1
0x0879,0,2,1145,0,0,0,0,0,0
0x4D7B,0,19,1403,0,0,0,0,0,0
0x4440,0,17,1088,0,0,0,0,0,0
0xA822,1,10,1058,0,0,0,0,0,0
0x6D27,0,27,1319,0,0,0,0,0,0
0x41BE,0,16,1470,0,0,0,0,0,0
0x9CEE,1,7,1262,0,0,0,0,0,0
0x9256,1,4,1622,0,0,0,0,0,0
0x0ED8,0,3,1752,0,0,0,0,0,0
0x6B94,0,26,1940,0,0,0,0,0,0
0xDB83,1,22,1923,0,0,0,0,0,0
0xC961,1,18,1377,0,0,0,0,0,0
0xCD97,1,19,1431,0,0,0,0,0,0
0xE15C,1,24,1372,0,0,0,0,0,0
0x8F59,1,3,1881,0,0,0,0,0,0
0x909F,1,4,1183,0,0,0,0,0,0
0x2571,0,9,1393,0,0,0,0,0,0
0xF45F,1,29,1119,0,0,0,0,0,0
0xF710,1,29,1808,0,0,0,0,0,0
0x513C,0,20,1340,0,0,0,0,0,0
0xD810,1,22,1040,0,0,0,0,0,0
0x1852,0,6,1106,0,0,0,0,0,0
0x3258,0,12,1624,0,0,0,0,0,0
0x3D0C,0,15,1292,0,0,0,0,0,0
0x8860,1,2,1120,0,0,0,0,0,0
0xA122,1,8,1314,0,0,0,0,0,0
0xD350,1,20,1872,0,0,0,0,0,0
0xC8E4,1,18,1252,0,0,0,0,0,0
0xF420,1,29,1056,0,0,0,0,0,0
0x2F76,0,11,1910,0,0,0,0,0,0
0xC78E,1,17,1934,0,0,0,0,0,0
0x3E0A,0,15,1546,0,0,0,0,0,0
0xDC9E,1,23,1182,0,0,0,0,0,0
0x75B2,0,29,1458,0,0,0,0,0,0
0x03BC,0,0,956,0,0,0,0,0,1
0xEAEE,1,26,1774,0,0,0,0,0,0
0x4FA0,0,19,1952,0,0,0,0,0,0
0x0755,0,1,1877,0,0,0,0,0,0
0xB63F,1,13,1599,0,0,0,0,0,0
0x51FB,0,20,1531,0,0,0,0,0,0
0x8A2B,1,2,1579,0,0,0,0,0,0
0x49F4,0,18,1524,0,0,0,0,0,0
0xC647,1,17,1607,0,0,0,0,0,0
0x521F,0,20,1567,0,0,0,0,0,0
0x9FBE,1,7,1982,0,0,0,0,0,0
0xA51F,1,9,1311,0,0,0,0,0,0
0xA1E3,1,8,1507,0,0,0,0,0,0
0xDC1C,1,23,1052,0,0,0,0,0,0
0x1413,0,5,1043,0,0,0,0,0,0
0xB557,1,13,1367,0,0,0,0,0,0
0x7D95,0,31,1429,1,0,0,0,1,0
0xEA64,1,26,1636,0,0,0,0,0,0
0x0DB0,0,3,1456,0,0,0,0,0,0
0xB19C,1,12,1436,0,0,0,0,0,0
0xC8C9,1,18,1225,0,0,0,0,0,0
0xFEE2,1,31,1762,1,1,0,0,1,0
0x4634,0,17,1588,0,0,0,0,0,0
0xBF81,1,15,1921,0,0,0,0,0,0
0x98EB,1,6,1259,0,0,0,0,0,0
0x43BB,0,16,1979,0,0,0,0,0,0
0xFF6F,1,31,1903,1,1,0,0,1,0
0xE721,1,25,1825,0,0,0,0,0,0
0x05B5,0,1,1461,0,0,0,0,0,0
0xEEBB,1,27,1723,0,0,0,0,0,0
0xBC35,1,15,1077,0,0,0,0,0,0
0x7625,0,29,1573,0,0,0,0,0,0
0xD1A4,1,20,1444,0,0,0,0,0,0
0xF18F,1,28,1423,0,0,0,0,0,0
0x736B,0,28,1899,0,0,0,0,0,0
0xAE1B,1,11,1563,0,0,0,0,0,0
0xFBB1,1,30,1969,0,0,0,0,0,0
0x9749,1,5,1865,0,0,0,0,0,0
0x750A,0,29,1290,0,0,0,0,0,0
0xD4B2,1,21,1202,0,0,0,0,0,0
0xA3A7,1,8,1959,0,0,0,0,0,0
0x31E9,0,12,1513,0,0,0,0,0,0
0x4CC5,0,19,1221,0,0,0,0,0,0
0x5F15,0,23,1813,0,0,0,0,0,0
0x17B2,0,5,1970,0,0,0,0,0,0
0x3EF2,0,15,1778,0,0,0,0,0,0
0xC623,1,17,1571,0,0,0,0,0,0
0x4014,0,16,1044,0,0,0,0,0,0
0xBDB3,1,15,1459,0,0,0,0,0,0
0x20D8,0,8,1240,0,0,0,0,0,0
0x669B,0,25,1691,0,0,0,0,0,0
0x6E1D,0,27,1565,0,0,0,0,0,0
0x0096,0,0,150,0,0,0,0,0,1
0x30F8,0,12,1272,0,0,0,0,0,0
0xAC93,1,11,1171,0,0,0,0,0,0
0x858C,1,1,1420,0,0,0,0,0,0
0x7F7D,0,31,1917,1,1,0,0,1,0
0x8DC4,1,3,1476,0,0,0,0,0,0
0x9EFE,1,7,1790,0,0,0,0,0,0
0xB184,1,12,1412,0,0,0,0,0,0
0xA146,1,8,1350,0,0,0,0,0,0
0xC88D,1,18,1165,0,0,0,0,0,0
0x0AF8,0,2,1784,0,0,0,0,0,0
0x3DFB,0,15,1531,0,0,0,0,0,0
0xE058,1,24,1112,0,0,0,0,0,0
0xE169,1,24,1385,0,0,0,0,0,0
0xA18C,1,8,1420,0,0,0,0,0,0
0x78AB,0,30,1195,0,0,0,0,0,0
0x829E,1,0,670,0,0,0,0,0,1
0x32E8,0,12,1768,0,0,0,0,0,0
0x9473,1,5,1139,0,0,0,0,0,0
0x1F25,0,7,1829,0,0,0,0,0,0
0x41E1,0,16,1505,0,0,0,0,0,0
0x482A,0,18,1066,0,0,0,0,0,0
0x64D1,0,25,1233,0,0,0,0,0,0
0x8944,1,2,1348,0,0,0,0,0,0
0x6C07,0,27,1031,0,0,0,0,0,0
0x82AA,1,0,682,0,0,0,0,0,1
0xB786,1,13,1926,0,0,0,0,0,0
0x1825,0,6,1061,0,0,0,0,0,0
0x28C1,0,10,1217,0,0,0,0,0,0
0x485E,0,18,1118,0,0,0,0,0,0
0x7770,0,29,1904,0,0,0,0,0,0
0x16D9,0,5,1753,0,0,0,0,0,0
0x475B,0,17,1883,0,0,0,0,0,0
0x0A12,0,2,1554,0,0,0,0,0,0
0x1252,0,4,1618,0,0,0,0,0,0
0x49B4,0,18,1460,0,0,0,0,0,0
0xC188,1,16,1416,0,0,0,0,0,0
0xD947,1,22,1351,0,0,0,0,0,0
0xD779,1,21,1913,0,0,0,0,0,0
0x0C9F,0,3,1183,0,0,0,0,0,0
0x58AB,0,22,1195,0,0,0,0,0,0
0x4F0E,0,19,1806,0,0,0,0,0,0
0x49DF,0,18,1503,0,0,0,0,0,0
0xFBDE,1,30,2014,0,0,0,0,0,0
0x35A1,0,13,1441,0,0,0,0,0,0
0xB67F,1,13,1663,0,0,0,0,0,0
0x2655,0,9,1621,0,0,0,0,0,0
0x4FD9,0,19,2009,0,0,0,0,0,0
0x0B7B,0,2,1915,0,0,0,0,0,0
0x24CA,0,9,1226,0,0,0,0,0,0
0xB56A,1,13,1386,0,0,0,0,0,0
0x43A8,0,16,1960,0,0,0,0,0,0
0xB8C1,1,14,1217,0,0,0,0,0,0
0xAF23,1,11,1827,0,0,0,0,0,0
0x6C79,0,27,1145,0,0,0,0,0,0
0x96CD,1,5,1741,0,0,0,0,0,0
0x6442,0,25,1090,0,0,0,0,0,0
0xA9BF,1,10,1471,0,0,0,0,0,0
0xCFC0,1,19,1984,0,0,0,0,0,0
0x2437,0,9,1079,0,0,0,0,0,0
0xA9C2,1,10,1474,0,0,0,0,0,0
0x5333,0,20,1843,0,0,0,0,0,0
0x80A9,1,0,169,0,0,0,0,0,1
0xF1EE,1,28,1518,0,0,0,0,0,0
0x56D3,0,21,1747,0,0,0,0,0,0
0x4395,0,16,1941,0,0,0,0,0,0
0xC4F0,1,17,1264,0,0,0,0,0,0
0x0C99,0,3,1177,0,0,0,0,0,0
0xE380,1,24,1920,0,0,0,0,0,0
0x4B1F,0,18,1823,0,0,0,0,0,0
0x8329,1,0,809,0,0,0,0,0,1
0x45CE,0,17,1486,0,0,0,0,0,0
0x4F19,0,19,1817,0,0,0,0,0,0
0x8176,1,0,374,0,0,0,0,0,1
0x82E6,1,0,742,0,0,0,0,0,1
0x9462,1,5,1122,0,0,0,0,0,0
0x012B,0,0,299,0,0,0,0,0,1
0xBCB1,1,15,1201,0,0,0,0,0,0
0xCD5C,1,19,1372,0,0,0,0,0,0
0x679B,0,25,1947,0,0,0,0,0,0
0xC0E1,1,16,1249,0,0,0,0,0,0
0x33A0,0,12,1952,0,0,0,0,0,0
0x37CD,0,13,1997,0,0,0,0,0,0
0x56F6,0,21,1782,0,0,0,0,0,0
0xED87,1,27,1415,0,0,0,0,0,0
0x5E94,0,23,1684,0,0,0,0,0,0
0x2667,0,9,1639,0,0,0,0,0,0
0x37D7,0,13,2007,0,0,0,0,0,0
0x3731,0,13,1841,0,0,0,0,0,0
0xD313,1,20,1811,0,0,0,0,0,0
0x4DDD,0,19,1501,0,0,0,0,0,0
0x1743,0,5,1859,0,0,0,0,0,0
0xE5FB,1,25,1531,0,0,0,0,0,0
0x3DFC,0,15,1532,0,0,0,0,0,0
0xCEEF,1,19,1775,0,0,0,0,0,0
0x8425,1,1,1061,0,0,0,0,0,0
0x923B,1,4,1595,0,0,0,0,0,0
0x43C3,0,16,1987,0,0,0,0,0,0
0x7348,0,28,1864,0,0,0,0,0,0
0x5A46,0,22,1606,0,0,0,0,0,0
0x3220,0,12,1568,0,0,0,0,0,0
0xDA8C,1,22,1676,0,0,0,0,0,0
0x4B69,0,18,1897,0,0,0,0,0,0
0x8E92,1,3,1682,0,0,0,0,0,0
0x7CE3,0,31,1251,1,0,0,0,1,0
0x3D4D,0,15,1357,0,0,0,0,0,0
0xA0C8,1,8,1224,0,0,0,0,0,0
0xCACE,1,18,1742,0,0,0,0,0,0
0x86D4,1,1,1748,0,0,0,0,0,0
0x6D4F,0,27,1359,0,0,0,0,0,0
0xBF40,1,15,1856,0,0,0,0,0,0
0xC7F0,1,17,2032,0,0,0,0,0,0
0x9E96,1,7,1686,0,0,0,0,0,0
0x02AE,0,0,686,0,0,0,0,0,1
0x9555,1,5,1365,0,0,0,0,0,0
0xDDD6,1,23,1494,0,0,0,0,0,0
0xE6DD,1,25,1757,0,0,0,0,0,0
0xD641,1,21,1601,0,0,0,0,0,0
0xF884,1,30,1156,0,0,0,0,0,0
0x35D5,0,13,1493,0,0,0,0,0,0
0xF2EA,1,28,1770,0,0,0,0,0,0
0xF2F8,1,28,1784,0,0,0,0,0,0
0x70B4,0,28,1204,0,0,0,0,0,0
0x1792,0,5,1938,0,0,0,0,0,0
0xB356,1,12,1878,0,0,0,0,0,0
0x596A,0,22,1386,0,0,0,0,0,0
0x611C,0,24,1308,0,0,0,0,0,0
0x7006,0,28,1030,0,0,0,0,0,0
0x276F,0,9,1903,0,0,0,0,0,0
0x6AD4,0,26,1748,0,0,0,0,0,0
0x5AD8,0,22,1752,0,0,0,0,0,0
0x4397,0,16,1943,0,0,0,0,0,0
0x59C9,0,22,1481,0,0,0,0,0,0
0x0262,0,0,610,0,0,0,0,0,1
0x3436,0,13,1078,0,0,0,0,0,0
0x420B,0,16,1547,0,0,0,0,0,0
0x075C,0,1,1884,0,0,0,0,0,0
0x1E0D,0,7,1549,0,0,0,0,0,0
0x85DB,1,1,1499,0,0,0,0,0,0
0x3E7A,0,15,1658,0,0,0,0,0,0
0x98E0,1,6,1248,0,0,0,0,0,0
0x06A4,0,1,1700,0,0,0,0,0,0
0xF68B,1,29,1675,0,0,0,0,0,0
0x7313,0,28,1811,0,0,0,0,0,0
0xAD4A,1,11,1354,0,0,0,0,0,0
0x2FB0,0,11,1968,0,0,0,0,0,0
0x0CD5,0,3,1237,0,0,0,0,0,0
0x06AE,0,1,1710,0,0,0,0,0,0
0xD2EA,1,20,1770,0,0,0,0,0,0
0x3317,0,12,1815,0,0,0,0,0,0
0x9E46,1,7,1606,0,0,0,0,0,0
0xE322,1,24,1826,0,0,0,0,0,0
0x23D3,0,8,2003,0,0,0,0,0,0
0x259D,0,9,1437,0,0,0,0,0,0
0xC467,1,17,1127,0,0,0,0,0,0
0x4FDE,0,19,2014,0,0,0,0,0,0
0xE701,1,25,1793,0,0,0,0,0,0
0xA7EB,1,9,2027,0,0,0,0,0,0
0xF06A,1,28,1130,0,0,0,0,0,0
0x4997,0,18,1431,0,0,0,0,0,0
0xC024,1,16,1060,0,0,0,0,0,0
0x7F3E,0,31,1854,1,1,0,0,1,0
0xD256,1,20,1622,0,0,0,0,0,0
0x49CE,0,18,1486,0,0,0,0,0,0
0xDD79,1,23,1401,0,0,0,0,0,0
0xB6DF,1,13,1759,0,0,0,0,0,0
0x7352,0,28,1874,0,0,0,0,0,0
0xC7C6,1,17,1990,0,0,0,0,0,0
0x0717,0,1,1815,0,0,0,0,0,0
0xEC66,1,27,1126,0,0,0,0,0,0
0xB00D,1,12,1037,0,0,0,0,0,0
0x3CAB,0,15,1195,0,0,0,0,0,0
0xF4BA,1,29,1210,0,0,0,0,0,0
0xBC64,1,15,1124,0,0,0,0,0,0
0x3D55,0,15,1365,0,0,0,0,0,0
0x8BEC,1,2,2028,0,0,0,0,0,0
0x26DE,0,9,1758,0,0,0,0,0,0
0x67AB,0,25,1963,0,0,0,0,0,0
0x0D79,0,3,1401,0,0,0,0,0,0
0x3543,0,13,1347,0,0,0,0,0,0
0xCE15,1,19,1557,0,0,0,0,0,0
0xA598,1,9,1432,0,0,0,0,0,0
0xFD2A,1,31,1322,1,0,0,0,1,0
0x5D52,0,23,1362,0,0,0,0,0,0
0x7AD8,0,30,1752,0,0,0,0,0,0
0x894B,1,2,1355,0,0,0,0,0,0
0xDAEA,1,22,1770,0,0,0,0,0,0
0x0C96,0,3,1174,0,0,0,0,0,0
0x4B6A,0,18,1898,0,0,0,0,0,0
0x3E4A,0,15,1610,0,0,0,0,0,0
0x5777,0,21,1911,0,0,0,0,0,0
0xC34D,1,16,1869,0,0,0,0,0,0
0x7791,0,29,1937,0,0,0,0,0,0
0x37C9,0,13,1993,0,0,0,0,0,0
0x6065,0,24,1125,0,0,0,0,0,0
0xD0CB,1,20,1227,0,0,0,0,0,0
0x0690,0,1,1680,0,0,0,0,0,0
0x6036,0,24,1078,0,0,0,0,0,0
0xE4C9,1,25,1225,0,0,0,0,0,0
0xD774,1,21,1908,0,0,0,0,0,0
0xA992,1,10,1426,0,0,0,0,0,0
0xC798,1,17,1944,0,0,0,0,0,0
0xD721,1,21,1825,0,0,0,0,0,0
0x8BA3,1,2,1955,0,0,0,0,0,0
0xD0F0,1,20,1264,0,0,0,0,0,0
0x1B9B,0,6,1947,0,0,0,0,0,0
0x5E9A,0,23,1690,0,0,0,0,0,0
0x31AE,0,12,1454,0,0,0,0,0,0
0xBB9B,1,14,1947,0,0,0,0,0,0
0xE2D6,1,24,1750,0,0,0,0,0,0
0x05F4,0,1,1524,0,0,0,0,0,0
0x9D76,1,7,1398,0,0,0,0,0,0
0x1901,0,6,1281,0,0,0,0,0,0
0xEC4F,1,27,1103,0,0,0,0,0,0
0x3538,0,13,1336,0,0,0,0,0,0
0xE4DB,1,25,1243,0,0,0,0,0,0
0xDE6C,1,23,1644,0,0,0,0,0,0
0x434E,0,16,1870,0,0,0,0,0,0
0x156E,0,5,1390,0,0,0,0,0,0
0x2BC6,0,10,1990,0,0,0,0,0,0
0x54B0,0,21,1200,0,0,0,0,0,0
0x4F30,0,19,1840,0,0,0,0,0,0
0xE0A8,1,24,1192,0,0,0,0,0,0
0xE070,1,24,1136,0,0,0,0,0,0
0x0E0B,0,3,1547,0,0,0,0,0,0
0xA2EE,1,8,1774,0,0,0,0,0,0
0xD2EF,1,20,1775,0,0,0,0,0,0
0xA74A,1,9,1866,0,0,0,0,0,0
0xAFDE,1,11,2014,0,0,0,0,0,0
0xD398,1,20,1944,0,0,0,0,0,0
0xFA23,1,30,1571,0,0,0,0,0,0
0x8731,1,1,1841,0,0,0,0,0,0
0xA572,1,9,1394,0,0,0,0,0,0
0xD914,1,22,1300,0,0,0,0,0,0
0x28D4,0,10,1236,0,0,0,0,0,0
0x5BE4,0,22,2020,0,0,0,0,0,0
0x7F49,0,31,1865,1,1,0,0,1,0
0xFA5A,1,30,1626,0,0,0,0,0,0
0xF6C0,1,29,1728,0,0,0,0,0,0
0x2D90,0,11,1424,0,0,0,0,0,0
0xAD4D,1,11,1357,0,0,0,0,0,0
0x89A5,1,2,1445,0,0,0,0,0,0
0xA3EC,1,8,2028,0,0,0,0,0,0
0xF719,1,29,1817,0,0,0,0,0,0
0xB166,1,12,1382,0,0,0,0,0,0
0x9EA4,1,7,1700,0,0,0,0,0,0
0xB4C7,1,13,1223,0,0,0,0,0,0
0x5D2F,0,23,1327,0,0,0,0,0,0
0xAD6D,1,11,1389,0,0,0,0,0,0
0x2634,0,9,1588,0,0,0,0,0,0
0x3457,0,13,1111,0,0,0,0,0,0
0xEA92,1,26,1682,0,0,0,0,0,0
0xDE08,1,23,1544,0,0,0,0,0,0
0xEB49,1,26,1865,0,0,0,0,0,0
0x6874,0,26,1140,0,0,0,0,0,0
0xDAA9,1,22,1705,0,0,0,0,0,0
0x724D,0,28,1613,0,0,0,0,0,0
0x7C18,0,31,1048,1,0,0,0,1,0
0xB4D5,1,13,1237,0,0,0,0,0,0
0xEB2D,1,26,1837,0,0,0,0,0,0
0xDF19,1,23,1817,0,0,0,0,0,0
0xD050,1,20,1104,0,0,0,0,0,0
0x31C1,0,12,1473,0,0,0,0,0,0
0x0C8B,0,3,1163,0,0,0,0,0,0
0xB494,1,13,1172,0,0,0,0,0,0
0xE020,1,24,1056,0,0,0,0,0,0
0x0B83,0,2,1923,0,0,0,0,0,0
0x7C50,0,31,1104,1,0,0,0,1,0
0x134D,0,4,1869,0,0,0,0,0,0
0x494C,0,18,1356,0,0,0,0,0,0
0xBF18,1,15,1816,0,0,0,0,0,0
0x0019,0,0,25,0,0,0,0,0,1
0x63F2,0,24,2034,0,0,0,0,0,0
0x0D42,0,3,1346,0,0,0,0,0,0
0x94E5,1,5,1253,0,0,0,0,0,0
0xCAEA,1,18,1770,0,0,0,0,0,0
0x5C46,0,23,1094,0,0,0,0,0,0
0x66CC,0,25,1740,0,0,0,0,0,0
0xA9AE,1,10,1454,0,0,0,0,0,0
0xA29C,1,8,1692,0,0,0,0,0,0
0xAEC0,1,11,1728,0,0,0,0,0,0
0xD834,1,22,1076,0,0,0,0,0,0
0x7D5B,0,31,1371,1,0,0,0,1,0
0x62FE,0,24,1790,0,0,0,0,0,0
0xEF0E,1,27,1806,0,0,0,0,0,0
0x0135,0,0,309,0,0,0,0,0,1
0x7762,0,29,1890,0,0,0,0,0,0
0x751D,0,29,1309,0,0,0,0,0,0
0x76AB,0,29,1707,0,0,0,0,0,0
0xE301,1,24,1793,0,0,0,0,0,0
0x5A61,0,22,1633,0,0,0,0,0,0
0x14FF,0,5,1279,0,0,0,0,0,0
0xEED8,1,27,1752,0,0,0,0,0,0
0x4702,0,17,1794,0,0,0,0,0,0
0x458D,0,17,1421,0,0,0,0,0,0
0xEEBD,1,27,1725,0,0,0,0,0,0
0xB489,1,13,1161,0,0,0,0,0,0
0x7457,0,29,1111,0,0,0,0,0,0
0xA4F1,1,9,1265,0,0,0,0,0,0
0x0F27,0,3,1831,0,0,0,0,0,0
0x326F,0,12,1647,0,0,0,0,0,0
0x512E,0,20,1326,0,0,0,0,0,0
0x44AF,0,17,1199,0,0,0,0,0,0
0x3EC7,0,15,1735,0,0,0,0,0,0
0x3D92,0,15,1426,0,0,0,0,0,0
0xA827,1,10,1063,0,0,0,0,0,0
0xDE84,1,23,1668,0,0,0,0,0,0
0xAA0D,1,10,1549,0,0,0,0,0,0
0xB2B7,1,12,1719,0,0,0,0,0,0
0x6BEE,0,26,2030,0,0,0,0,0,0
0xC56F,1,17,1391,0,0,0,0,0,0
0x2C04,0,11,1028,0,0,0,0,0,0
0xDA5D,1,22,1629,0,0,0,0,0,0
0x6532,0,25,1330,0,0,0,0,0,0
0xE39E,1,24,1950,0,0,0,0,0,0
0x6A1B,0,26,1563,0,0,0,0,0,0
0x3BD8,0,14,2008,0,0,0,0,0,0
0x51BD,0,20,1469,0,0,0,0,0,0
0x5A16,0,22,1558,0,0,0,0,0,0
0xBE7D,1,15,1661,0,0,0,0,0,0
0x3929,0,14,1321,0,0,0,0,0,0
0x3FA6,0,15,1958,0,0,0,0,0,0
0x8CC2,1,3,1218,0,0,0,0,0,0
0x4902,0,18,1282,0,0,0,0,0,0
0xAE68,1,11,1640,0,0,0,0,0,0
0x71DE,0,28,1502,0,0,0,0,0,0
0xF4C5,1,29,1221,0,0,0,0,0,0
0x0F0E,0,3,1806,0,0,0,0,0,0
0x87DE,1,1,2014,0,0,0,0,0,0
0x8E67,1,3,1639,0,0,0,0,0,0
0xF969,1,30,1385,0,0,0,0,0,0
0xAA49,1,10,1609,0,0,0,0,0,0
0x002F,0,0,47,0,0,0,0,0,1
0xA7F8,1,9,2040,0,0,0,0,0,0
0x0D5E,0,3,1374,0,0,0,0,0,0
0xBB40,1,14,1856,0,0,0,0,0,0
0x7C63,0,31,1123,1,0,0,0,1,0
0x0B58,0,2,1880,0,0,0,0,0,0
0x203D,0,8,1085,0,0,0,0,0,0
0x5820,0,22,1056,0,0,0,0,0,0
0x7003,0,28,1027,0,0,0,0,0,0
0xB94F,1,14,1359,0,0,0,0,0,0
0x95B2,1,5,1458,0,0,0,0,0,0
0xE5BB,1,25,1467,0,0,0,0,0,0
0xECFD,1,27,1277,0,0,0,0,0,0
0x1067,0,4,1127,0,0,0,0,0,0
0x12CA,0,4,1738,0,0,0,0,0,0
0x2412,0,9,1042,0,0,0,0,0,0
0x2F35,0,11,1845,0,0,0,0,0,0
0xA43E,1,9,1086,0,0,0,0,0,0
0x6FFC,0,27,2044,0,0,0,0,0,0
0xD9F8,1,22,1528,0,0,0,0,0,0
0xA62C,1,9,1580,0,0,0,0,0,0
0x081B,0,2,1051,0,0,0,0,0,0
0x3748,0,13,1864,0,0,0,0,0,0
0x66E1,0,25,1761,0,0,0,0,0,0
0x9A90,1,6,1680,0,0,0,0,0,0
0x4622,0,17,1570,0,0,0,0,0,0
0x4469,0,17,1129,0,0,0,0,0,0
0xD744,1,21,1860,0,0,0,0,0,0
0x6325,0,24,1829,0,0,0,0,0,0
0xEFFE,1,27,2046,0,0,0,0,0,0
0xA8DB,1,10,1243,0,0,0,0,0,0
0x5432,0,21,1074,0,0,0,0,0,0
0xD68C,1,21,1676,0,0,0,0,0,0
0xBD63,1,15,1379,0,0,0,0,0,0
0x437E,0,16,1918,0,0,0,0,0,0
0xB787,1,13,1927,0,0,0,0,0,0
0x7328,0,28,1832,0,0,0,0,0,0
0xE4DA,1,25,1242,0,0,0,0,0,0
0xDB6E,1,22,1902,0,0,0,0,0,0
0xFD64,1,31,1380,1,0,0,0,1,0
0x9A91,1,6,1681,0,0,0,0,0,0
0x7FD4,0,31,2004,1,1,0,0,1,0
0xDC06,1,23,1030,0,0,0,0,0,0
0x2B12,0,10,1810,0,0,0,0,0,0
0x7E61,0,31,1633,1,1,0,0,1,0
0xD3D1,1,20,2001,0,0,0,0,0,0
0x5E10,0,23,1552,0,0,0,0,0,0
0x04FF,0,1,1279,0,0,0,0,0,0
0xADC7,1,11,1479,0,0,0,0,0,0
0x8CCA,1,3,1226,0,0,0,0,0,0
0xF836,1,30,1078,0,0,0,0,0,0
0x0624,0,1,1572,0,0,0,0,0,0
0xA046,1,8,1094,0,0,0,0,0,0
0xDB1E,1,22,1822,0,0,0,0,0,0
0x83AF,1,0,943,0,0,0,0,0,1
0xF7A0,1,29,1952,0,0,0,0,0,0
0x37B0,0,13,1968,0,0,0,0,0,0
0x82DE,1,0,734,0,0,0,0,0,1
0xACBC,1,11,1212,0,0,0,0,0,0
0x6E59,0,27,1625,0,0,0,0,0,0
0x03C1,0,0,961,0,0,0,0,0,1
0x04A6,0,1,1190,0,0,0,0,0,0
0xBF80,1,15,1920,0,0,0,0,0,0
0x44D1,0,17,1233,0,0,0,0,0,0
0x5198,0,20,1432,0,0,0,0,0,0
0x5EA0,0,23,1696,0,0,0,0,0,0
0x9DAA,1,7,1450,0,0,0,0,0,0
0xCE20,1,19,1568,0,0,0,0,0,0
0x2EFA,0,11,1786,0,0,0,0,0,0
0xE7F6,1,25,2038,0,0,0,0,0,0
0x2B4D,0,10,1869,0,0,0,0,0,0
0xB7A7,1,13,1959,0,0,0,0,0,0
0xC2D1,1,16,1745,0,0,0,0,0,0
0x3830,0,14,1072,0,0,0,0,0,0
0xD755,1,21,1877,0,0,0,0,0,0
0x26B4,0,9,1716,0,0,0,0,0,0
0x378B,0,13,1931,0,0,0,0,0,0
0x55E6,0,21,1510,0,0,0,0,0,0
0x125D,0,4,1629,0,0,0,0,0,0
0x53B2,0,20,1970,0,0,0,0,0,0
0xA0BA,1,8,1210,0,0,0,0,0,0
0x1D29,0,7,1321,0,0,0,0,0,0
0x655E,0,25,1374,0,0,0,0,0,0
0x7F4F,0,31,1871,1,1,0,0,1,0
0x6C2D,0,27,1069,0,0,0,0,0,0
0x3878,0,14,1144,0,0,0,0,0,0
0xCCDB,1,19,1243,0,0,0,0,0,0
0x4CBE,0,19,1214,0,0,0,0,0,0
0xBD32,1,15,1330,0,0,0,0,0,0
0xC21F,1,16,1567,0,0,0,0,0,0
0x9137,1,4,1335,0,0,0,0,0,0
0x2509,0,9,1289,0,0,0,0,0,0
0x0CB2,0,3,1202,0,0,0,0,0,0
0xA7EA,1,9,2026,0,0,0,0,0,0
0xA29F,1,8,1695,0,0,0,0,0,0
0xE945,1,26,1349,0,0,0,0,0,0
0x3358,0,12,1880,0,0,0,0,0,0
0x9D36,1,7,1334,0,0,0,0,0,0
0x00DE,0,0,222,0,0,0,0,0,1
0x6582,0,25,1410,0,0,0,0,0,0
0x8DBD,1,3,1469,0,0,0,0,0,0
0xBFD5,1,15,2005,0,0,0,0,0,0
0x0F43,0,3,1859,0,0,0,0,0,0
0x88D0,1,2,1232,0,0,0,0,0,0
0xB966,1,14,1382,0,0,0,0,0,0
0x033D,0,0,829,0,0,0,0,0,1
0xE312,1,24,1810,0,0,0,0,0,0
0xD80A,1,22,1034,0,0,0,0,0,0
0xF7FF,1,29,2047,0,0,0,0,0,0
0x061C,0,1,1564,0,0,0,0,0,0
0x3AF5,0,14,1781,0,0,0,0,0,0
0x243F,0,9,1087,0,0,0,0,0,0
0x307E,0,12,1150,0,0,0,0,0,0
0xCAF1,1,18,1777,0,0,0,0,0,0
0x9080,1,4,1152,0,0,0,0,0,0
0x3477,0,13,1143,0,0,0,0,0,0
0xBFD7,1,15,2007,0,0,0,0,0,0
0xDEFB,1,23,1787,0,0,0,0,0,0
0x2F91,0,11,1937,0,0,0,0,0,0
0xB0C7,1,12,1223,0,0,0,0,0,0
0xD54E,1,21,1358,0,0,0,0,0,0
0x2346,0,8,1862,0,0,0,0,0,0
0xA86E,1,10,1134,0,0,0,0,0,0
0x01D4,0,0,468,0,0,0,0,0,1
0xAC62,1,11,1122,0,0,0,0,0,0
0x09FE,0,2,1534,0,0,0,0,0,0
0x64B0,0,25,1200,0,0,0,0,0,0
0xD1A1,1,20,1441,0,0,0,0,0,0
0x2EC7,0,11,1735,0,0,0,0,0,0
0xA19E,1,8,1438,0,0,0,0,0,0
0x8875,1,2,1141,0,0,0,0,0,0
0xAA32,1,10,1586,0,0,0,0,0,0
0x9983,1,6,1411,0,0,0,0,0,0
0x03FB,0,0,1019,0,0,0,0,0,1
0xF891,1,30,1169,0,0,0,0,0,0
0x5D65,0,23,1381,0,0,0,0,0,0
0x1918,0,6,1304,0,0,0,0,0,0
0xC589,1,17,1417,0,0,0,0,0,0
0x93A9,1,4,1961,0,0,0,0,0,0
0x5D10,0,23,1296,0,0,0,0,0,0
0x2C6C,0,11,1132,0,0,0,0,0,0
0x2CC1,0,11,1217,0,0,0,0,0,0
0x7A3C,0,30,1596,0,0,0,0,0,0
0x8A46,1,2,1606,0,0,0,0,0,0
0xC985,1,18,1413,0,0,0,0,0,0
0x0593,0,1,1427,0,0,0,0,0,0
0xC593,1,17,1427,0,0,0,0,0,0
0xC642,1,17,1602,0,0,0,0,0,0
0x9107,1,4,1287,0,0,0,0,0,0
0x25C5,0,9,1477,0,0,0,0,0,0
0x1AD5,0,6,1749,0,0,0,0,0,0
0x304B,0,12,1099,0,0,0,0,0,0
0x3ADB,0,14,1755,0,0,0,0,0,0
0x2B23,0,10,1827,0,0,0,0,0,0
0x7774,0,29,1908,0,0,0,0,0,0
0x4D55,0,19,1365,0,0,0,0,0,0
0x00EA,0,0,234,0,0,0,0,0,1
0x7EA0,0,31,1696,1,1,0,0,1,0
0x658B,0,25,1419,0,0,0,0,0,0
0x5EC2,0,23,1730,0,0,0,0,0,0
0xA37E,1,8,1918,0,0,0,0,0,0
0x25E2,0,9,1506,0,0,0,0,0,0
0x7989,0,30,1417,0,0,0,0,0,0
0x0A9E,0,2,1694,0,0,0,0,0,0
0xC3EE,1,16,2030,0,0,0,0,0,0
0xB6F2,1,13,1778,0,0,0,0,0,0
0x282D,0,10,1069,0,0,0,0,0,0
0xEDD0,1,27,1488,0,0,0,0,0,0
0x64AD,0,25,1197,0,0,0,0,0,0
0x868C,1,1,1676,0,0,0,0,0,0
0xF0F9,1,28,1273,0,0,0,0,0,0
0x6A07,0,26,1543,0,0,0,0,0,0
0xD84C,1,22,1100,0,0,0,0,0,0
0x3F2E,0,15,1838,0,0,0,0,0,0
0x6722,0,25,1826,0,0,0,0,0,0
0xD921,1,22,1313,0,0,0,0,0,0
0xE339,1,24,1849,0,0,0,0,0,0
0x9F2F,1,7,1839,0,0,0,0,0,0
0xED93,1,27,1427,0,0,0,0,0,0
0x7D2A,0,31,1322,1,0,0,0,1,0
0xCF7F,1,19,1919,0,0,0,0,0,0
0xBB89,1,14,1929,0,0,0,0,0,0
0x8213,1,0,531,0,0,0,0,0,1
0xC950,1,18,1360,0,0,0,0,0,0
0xD5E1,1,21,1505,0,0,0,0,0,0
0x2E7E,0,11,1662,0,0,0,0,0,0
0x0557,0,1,1367,0,0,0,0,0,0
0xA9DF,1,10,1503,0,0,0,0,0,0
0x3AE7,0,14,1767,0,0,0,0,0,0
0x8127,1,0,295,0,0,0,0,0,1
0x8DBC,1,3,1468,0,0,0,0,0,0
0x8B3F,1,2,1855,0,0,0,0,0,0
0x45F0,0,17,1520,0,0,0,0,0,0
0xDBDD,1,22,2013,0,0,0,0,0,0
0xE86F,1,26,1135,0,0,0,0,0,0
0x85D6,1,1,1494,0,0,0,0,0,0
0x2C9E,0,11,1182,0,0,0,0,0,0
0xC65C,1,17,1628,0,0,0,0,0,0
0x8455,1,1,1109,0,0,0,0,0,0
0x8382,1,0,898,0,0,0,0,0,1
0xD099,1,20,1177,0,0,0,0,0,0
0x0A0E,0,2,1550,0,0,0,0,0,0
0xA491,1,9,1169,0,0,0,0,0,0
0x93B7,1,4,1975,0,0,0,0,0,0
0x5181,0,20,1409,0,0,0,0,0,0
0xAB65,1,10,1893,0,0,0,0,0,0
0x567E,0,21,1662,0,0,0,0,0,0
0x7AB6,0,30,1718,0,0,0,0,0,0
0x516E,0,20,1390,0,0,0,0,0,0
0xBABB,1,14,1723,0,0,0,0,0,0
0x3C0E,0,15,1038,0,0,0,0,0,0
0xB832,1,14,1074,0,0,0,0,0,0
0x614E,0,24,1358,0,0,0,0,0,0
0x7F60,0,31,1888,1,1,0,0,1,0
0xD263,1,20,1635,0,0,0,0,0,0
0x4903,0,18,1283,0,0,0,0,0,0
0x1DC9,0,7,1481,0,0,0,0,0,0
0xE2DD,1,24,1757,0,0,0,0,0,0
0xB7EF,1,13,2031,0,0,0,0,0,0
0x2682,0,9,1666,0,0,0,0,0,0
0x0DEB,0,3,1515,0,0,0,0,0,0
0xFE7C,1,31,1660,1,1,0,0,1,0
0xF82D,1,30,1069,0,0,0,0,0,0
0x2B72,0,10,1906,0,0,0,0,0,0
0x51F1,0,20,1521,0,0,0,0,0,0
0x9B53,1,6,1875,0,0,0,0,0,0
0x6280,0,24,1664,0,0,0,0,0,0
0x983E,1,6,1086,0,0,0,0,0,0
0x710B,0,28,1291,0,0,0,0,0,0
0x9AE7,1,6,1767,0,0,0,0,0,0
0x40AC,0,16,1196,0,0,0,0,0,0
0xE16A,1,24,1386,0,0,0,0,0,0
0x4FC2,0,19,1986,0,0,0,0,0,0
0x2B06,0,10,1798,0,0,0,0,0,0
0xB785,1,13,1925,0,0,0,0,0,0
0x2616,0,9,1558,0,0,0,0,0,0
0x0AE1,0,2,1761,0,0,0,0,0,0
0x5BBB,0,22,1979,0,0,0,0,0,0
0x4199,0,16,1433,0,0,0,0,0,0
0x1AAC,0,6,1708,0,0,0,0,0,0
0x2DB3,0,11,1459,0,0,0,0,0,0
0x5EA4,0,23,1700,0,0,0,0,0,0
0xAF94,1,11,1940,0,0,0,0,0,0
0xA563,1,9,1379,0,0,0,0,0,0
0x2A1C,0,10,1564,0,0,0,0,0,0
0x08E7,0,2,1255,0,0,0,0,0,0
0x2864,0,10,1124,0,0,0,0,0,0
0x975C,1,5,1884,0,0,0,0,0,0
0xC3C0,1,16,1984,0,0,0,0,0,0
0x43B1,0,16,1969,0,0,0,0,0,0
0xE1A0,1,24,1440,0,0,0,0,0,0
0x9D31,1,7,1329,0,0,0,0,0,0
0xEC92,1,27,1170,0,0,0,0,0,0
0xDA78,1,22,1656,0,0,0,0,0,0
0x8299,1,0,665,0,0,0,0,0,1
0xF2C6,1,28,1734,0,0,0,0,0,0
0x5095,0,20,1173,0,0,0,0,0,0
0x41ED,0,16,1517,0,0,0,0,0,0
0x2C38,0,11,1080,0,0,0,0,0,0
0xCD7F,1,19,1407,0,0,0,0,0,0
0xC54E,1,17,1358,0,0,0,0,0,0
0xAF5C,1,11,1884,0,0,0,0,0,0
0xCF7D,1,19,1917,0,0,0,0,0,0
0xC636,1,17,1590,0,0,0,0,0,0
0x1C09,0,7,1033,0,0,0,0,0,0
0x00A3,0,0,163,0,0,0,0,0,1
0x809C,1,0,156,0,0,0,0,0,1
0x8F9A,1,3,1946,0,0,0,0,0,0
0x80CB,1,0,203,0,0,0,0,0,1
0x0403,0,1,1027,0,0,0,0,0,0
0x5EAA,0,23,1706,0,0,0,0,0,0
0xD364,1,20,1892,0,0,0,0,0,0
0xDFF1,1,23,2033,0,0,0,0,0,0
0xD4A6,1,21,1190,0,0,0,0,0,0
0x5154,0,20,1364,0,0,0,0,0,0
0x162D,0,5,1581,0,0,0,0,0,0
0x1600,0,5,1536,0,0,0,0,0,0
0xA003,1,8,1027,0,0,0,0,0,0
